lecture,title,duration,video_size_bytes,video_url,transcript_html_url,transcript_pdf_url
1,Motivation and applications of machine learning,01:08:40,1109238288,https://see.stanford.edu/videos/courses/see/CS229/CS229-lecture01.mp4,https://see.stanford.edu/materials/aimlcs229/transcripts/MachineLearning-Lecture01.html,https://see.stanford.edu/materials/aimlcs229/transcripts/MachineLearning-Lecture01.pdf
2,Supervised learning and linear regression,01:16:15,1231944198,https://see.stanford.edu/videos/courses/see/CS229/CS229-lecture02.mp4,https://see.stanford.edu/materials/aimlcs229/transcripts/MachineLearning-Lecture02.html,https://see.stanford.edu/materials/aimlcs229/transcripts/MachineLearning-Lecture02.pdf
3,Locally weighted and logistic regression,01:13:13,1182861285,https://see.stanford.edu/videos/courses/see/CS229/CS229-lecture03.mp4,https://see.stanford.edu/materials/aimlcs229/transcripts/MachineLearning-Lecture03.html,https://see.stanford.edu/materials/aimlcs229/transcripts/MachineLearning-Lecture03.pdf
4,Generalized linear models,01:13:06,1181213932,https://see.stanford.edu/videos/courses/see/CS229/CS229-lecture04.mp4,https://see.stanford.edu/materials/aimlcs229/transcripts/MachineLearning-Lecture04.html,https://see.stanford.edu/materials/aimlcs229/transcripts/MachineLearning-Lecture04.pdf
5,Generative learning algorithms,01:15:31,1219918324,https://see.stanford.edu/videos/courses/see/CS229/CS229-lecture05.mp4,https://see.stanford.edu/materials/aimlcs229/transcripts/MachineLearning-Lecture05.html,https://see.stanford.edu/materials/aimlcs229/transcripts/MachineLearning-Lecture05.pdf
6,Neural networks and SVM margins,01:13:09,1181700312,https://see.stanford.edu/videos/courses/see/CS229/CS229-lecture06.mp4,https://see.stanford.edu/materials/aimlcs229/transcripts/MachineLearning-Lecture06.html,https://see.stanford.edu/materials/aimlcs229/transcripts/MachineLearning-Lecture06.pdf
7,Optimal-margin classifiers and kernels,01:15:44,1223542394,https://see.stanford.edu/videos/courses/see/CS229/CS229-lecture07.mp4,https://see.stanford.edu/materials/aimlcs229/transcripts/MachineLearning-Lecture07.html,https://see.stanford.edu/materials/aimlcs229/transcripts/MachineLearning-Lecture07.pdf
8,"Kernels, soft-margin SVM and SMO",01:17:18,1248917708,https://see.stanford.edu/videos/courses/see/CS229/CS229-lecture08.mp4,https://see.stanford.edu/materials/aimlcs229/transcripts/MachineLearning-Lecture08.html,https://see.stanford.edu/materials/aimlcs229/transcripts/MachineLearning-Lecture08.pdf
9,Learning theory and uniform convergence,01:14:18,1200419617,https://see.stanford.edu/videos/courses/see/CS229/CS229-lecture09.mp4,https://see.stanford.edu/materials/aimlcs229/transcripts/MachineLearning-Lecture09.html,https://see.stanford.edu/materials/aimlcs229/transcripts/MachineLearning-Lecture09.pdf
10,VC dimension and model selection,01:12:56,1178252713,https://see.stanford.edu/videos/courses/see/CS229/CS229-lecture10.mp4,https://see.stanford.edu/materials/aimlcs229/transcripts/MachineLearning-Lecture10.html,https://see.stanford.edu/materials/aimlcs229/transcripts/MachineLearning-Lecture10.pdf
11,Diagnostics and practical machine learning advice,01:22:19,1329896253,https://see.stanford.edu/videos/courses/see/CS229/CS229-lecture11.mp4,https://see.stanford.edu/materials/aimlcs229/transcripts/MachineLearning-Lecture11.html,https://see.stanford.edu/materials/aimlcs229/transcripts/MachineLearning-Lecture11.pdf
12,K-means and expectation maximization,01:14:22,1201582293,https://see.stanford.edu/videos/courses/see/CS229/CS229-lecture12.mp4,https://see.stanford.edu/materials/aimlcs229/transcripts/MachineLearning-Lecture12.html,https://see.stanford.edu/materials/aimlcs229/transcripts/MachineLearning-Lecture12.pdf
13,Mixture models and factor analysis,01:14:57,1210773505,https://see.stanford.edu/videos/courses/see/CS229/CS229-lecture13.mp4,https://see.stanford.edu/materials/aimlcs229/transcripts/MachineLearning-Lecture13.html,https://see.stanford.edu/materials/aimlcs229/transcripts/MachineLearning-Lecture13.pdf
14,Factor analysis and principal components,01:20:39,1303031956,https://see.stanford.edu/videos/courses/see/CS229/CS229-lecture14.mp4,https://see.stanford.edu/materials/aimlcs229/transcripts/MachineLearning-Lecture14.html,https://see.stanford.edu/materials/aimlcs229/transcripts/MachineLearning-Lecture14.pdf
15,SVD and independent component analysis,01:17:18,1248668965,https://see.stanford.edu/videos/courses/see/CS229/CS229-lecture15.mp4,https://see.stanford.edu/materials/aimlcs229/transcripts/MachineLearning-Lecture15.html,https://see.stanford.edu/materials/aimlcs229/transcripts/MachineLearning-Lecture15.pdf
16,Markov decision processes,01:13:05,1180721500,https://see.stanford.edu/videos/courses/see/CS229/CS229-lecture16.mp4,https://see.stanford.edu/materials/aimlcs229/transcripts/MachineLearning-Lecture16.html,https://see.stanford.edu/materials/aimlcs229/transcripts/MachineLearning-Lecture16.pdf
17,Continuous-state reinforcement learning,01:16:59,1243783299,https://see.stanford.edu/videos/courses/see/CS229/CS229-lecture17.mp4,https://see.stanford.edu/materials/aimlcs229/transcripts/MachineLearning-Lecture17.html,https://see.stanford.edu/materials/aimlcs229/transcripts/MachineLearning-Lecture17.pdf
18,LQR and dynamical systems,01:16:37,1238000747,https://see.stanford.edu/videos/courses/see/CS229/CS229-lecture18.mp4,https://see.stanford.edu/materials/aimlcs229/transcripts/MachineLearning-Lecture18.html,https://see.stanford.edu/materials/aimlcs229/transcripts/MachineLearning-Lecture18.pdf
19,Kalman filtering and LQG,01:15:55,1226387910,https://see.stanford.edu/videos/courses/see/CS229/CS229-lecture19.mp4,https://see.stanford.edu/materials/aimlcs229/transcripts/MachineLearning-Lecture19.html,https://see.stanford.edu/materials/aimlcs229/transcripts/MachineLearning-Lecture19.pdf
20,POMDPs and policy search,01:16:39,1238357993,https://see.stanford.edu/videos/courses/see/CS229/CS229-lecture20.mp4,https://see.stanford.edu/materials/aimlcs229/transcripts/MachineLearning-Lecture20.html,https://see.stanford.edu/materials/aimlcs229/transcripts/MachineLearning-Lecture20.pdf
